{
    "MatchID": [3808957890, 3808906989, 3808925062, 3808903144, 3808940900, 3806521088, 3806477561, 3806455348, 3806482626, 3806500177, 3806398756, 3806396609, 3806394343, 3806382629, 3801100812, 3799984020, 3799952672, 3799948945, 3799907530, 3799935312, 3799943658, 3798652214, 3798640222, 3798558626, 3798585487, 3798563830, 3798551687, 3798529564, 3798537819],
    "Patch": ["11.4", "11.4", "11.4", "11.4", "11.4", "11.4", "11.4", "11.4", "11.4", "11.4", "11.4", "11.4", "11.4", "11.4", "11.4", "11.4", "11.4", "11.4", "11.4", "11.4", "11.4", "11.4", "11.4", "11.4", "11.4", "11.4", "11.4", "11.4", "11.4"],
    "duration": ["0:31:32", "0:35:33", "0:29:39", "0:34:56", "0:28:39", "0:34:58", "0:33:09", "0:32:26", "0:24:39", "0:25:12", "0:32:25", "0:35:23", "0:38:41", "0:25:01", "0:22:40", "0:42:26", "0:27:58", "0:33:28", "0:44:34", "0:18:29", "0:27:29", "0:21:53", "0:23:17", "0:26:41", "0:28:16", "0:23:09", "0:36:27", "0:20:20", "0:21:04"],
    "role": ["TOP_SOLO", "TOP_SOLO", "JUNGLE_NONE", "TOP_SOLO", "TOP_SOLO", "TOP_SOLO", "TOP_SOLO", "TOP_SOLO", "JUNGLE_NONE", "TOP_SOLO", "TOP_SOLO", "TOP_SOLO", "TOP_SOLO", "TOP_SOLO", "TOP_SOLO", "TOP_SOLO", "TOP_SOLO", "TOP_SOLO", "TOP_SOLO", "TOP_SOLO", "TOP_SOLO", "TOP_SOLO", "TOP_SOLO", "TOP_SOLO", "TOP_SOLO", "TOP_SOLO", "TOP_SOLO", "JUNGLE_NONE", "TOP_SOLO"],
    "lane": ["TOP_LANE", "TOP_LANE", "JUNGLE", "MID_LANE", "TOP_LANE", "TOP_LANE", "MID_LANE", "TOP_LANE", "JUNGLE", "JUNGLE", "TOP_LANE", "TOP_LANE", "TOP_LANE", "TOP_LANE", "TOP_LANE", "TOP_LANE", "TOP_LANE", "TOP_LANE", "TOP_LANE", null, "TOP_LANE", "TOP_LANE", "MID_LANE", "TOP_LANE", "JUNGLE", "TOP_LANE", "TOP_LANE", "JUNGLE", "TOP_LANE"],
    "champion": ["Renekton", "Renekton", "JarvanIV", "Renekton", "Renekton", "Renekton", "Renekton", "Renekton", "JarvanIV", "Urgot", "Renekton", "Renekton", "Renekton", "Renekton", "Renekton", "Illaoi", "Renekton", "Renekton", "Urgot", "Urgot", "Renekton", "Renekton", "Renekton", "Renekton", "Renekton", "Renekton", "Renekton", "Kayn", "Renekton"],
    "Win": [false, false, false, true, false, true, true, false, false, true, false, true, true, true, true, false, false, true, true, false, false, true, true, false, true, false, true, false, true],
    "KDA": [0.8, 0.875, 3.4, 4.4, 0.8571428571428571, 2.0, 12.5, 1.6666666666666667, 2.0, 2.5, 1.6666666666666667, 4.75, 12.0, 1.75, 3.5, 1.7142857142857142, 1.0, 2.75, 2.7777777777777777, 0.8, 1.5, 21.0, 3.0, 3.3333333333333335, 3.0, 2.0, 6.666666666666667, 1.0, 14.0],
    "CS": [203, 219, 39, 226, 183, 244, 230, 180, 14, 157, 220, 200, 287, 198, 176, 313, 165, 256, 340, 113, 199, 163, 202, 214, 214, 158, 252, 12, 171],
    "Dmg to objs": [1797, 6248, 6625, 15505, 3451, 25390, 9314, 13825, 8846, 2916, 24706, 11244, 19631, 6517, 6613, 25409, 5999, 6320, 13766, 1458, 4374, 8931, 9714, 25543, 7086, 4048, 21884, 1988, 18722],
    "Dmg to turrets": [1797, 2918, 0, 6180, 3451, 9589, 3190, 1563, 0, 2674, 7592, 5089, 9068, 4362, 1114, 11012, 2080, 4031, 5058, 1458, 2972, 7284, 6190, 10248, 1787, 3709, 5162, 0, 10924],
    "gold_earned": [11882, 12054, 11367, 16649, 10064, 16020, 15083, 11985, 9217, 10096, 14300, 14048, 17162, 11164, 9942, 19026, 8864, 15182, 20080, 6771, 11530, 11556, 11834, 12815, 12156, 9620, 17996, 6297, 11425],
    "gold_spent": [11600, 11825, 11225, 15225, 9850, 14575, 13950, 10850, 8950, 9075, 13125, 12475, 15125, 9525, 8650, 18050, 8425, 14075, 18175, 6625, 11050, 9675, 12050, 12150, 10975, 9075, 15300, 5775, 10175],
    "total_damage": [153878, 202738, 119708, 184561, 112929, 242455, 183859, 141324, 97354, 101003, 200684, 167940, 286965, 136778, 125833, 371771, 107813, 214895, 356195, 59273, 146176, 117968, 141544, 162095, 179915, 106032, 221934, 87710, 137203],
    "total_damage_champs": [20554, 16386, 17074, 23164, 18132, 20408, 23400, 24307, 14974, 16842, 26268, 20126, 21197, 14562, 14010, 44970, 12448, 16914, 36772, 8407, 15933, 18250, 10394, 16403, 19711, 19563, 27798, 6550, 13991],
    "total_damage_taken": [41357, 48114, 35915, 42026, 29533, 34336, 39029, 43403, 27415, 18865, 43364, 35057, 36956, 22627, 20588, 58634, 27370, 36656, 53597, 11170, 24613, 22377, 18886, 28924, 31433, 30732, 41156, 24409, 20343],
    "cs_per_min": [{
            "10-20": 8.5,
            "0-10": 8.6,
            "20-30": 3.2
        }, {
            "10-20": 8.9,
            "0-10": 5.199999999999999,
            "30-end": 6,
            "20-30": 4.800000000000001
        }, {
            "10-20": 1,
            "0-10": 1.1
        }, {
            "10-20": 8.5,
            "0-10": 6.7,
            "20-30": 4.5
        }, {
            "10-20": 6.8,
            "0-10": 7.300000000000001
        }, {
            "10-20": 7.7,
            "0-10": 6.300000000000001,
            "20-30": 8.1
        }, {
            "10-20": 9.2,
            "0-10": 6.1,
            "20-30": 6.3999999999999995
        }, {
            "10-20": 5.699999999999999,
            "0-10": 7.199999999999999,
            "20-30": 3.8000000000000003
        }, {
            "10-20": 0.6,
            "0-10": 0.1
        }, {
            "10-20": 8.5,
            "0-10": 6.4
        }, {
            "10-20": 9.9,
            "0-10": 7.5,
            "20-30": 3.8
        }, {
            "10-20": 5.3999999999999995,
            "0-10": 6.1,
            "30-end": 3,
            "20-30": 6.6
        }, {
            "10-20": 9,
            "0-10": 6.199999999999999,
            "30-end": 8,
            "20-30": 8
        }, {
            "10-20": 9.7,
            "0-10": 6.699999999999999
        }, {
            "10-20": 8.600000000000001,
            "0-10": 7.8999999999999995
        }, {
            "10-20": 9.600000000000001,
            "0-10": 7.300000000000001,
            "30-end": 5,
            "20-30": 8.600000000000001
        }, {
            "10-20": 6,
            "0-10": 5.6
        }, {
            "10-20": 9.7,
            "0-10": 7.8,
            "20-30": 5.1
        }, {
            "10-20": 7,
            "0-10": 7,
            "30-end": 6.4,
            "20-30": 9.100000000000001
        }, {
            "0-10": 5.6
        }, {
            "10-20": 8.8,
            "0-10": 6.5
        }, {
            "10-20": 7.199999999999999,
            "0-10": 7.3
        }, {
            "10-20": 11.5,
            "0-10": 6.9
        }, {
            "10-20": 8.5,
            "0-10": 8.4
        }, {
            "10-20": 8.7,
            "0-10": 6.6
        }, {
            "10-20": 8.5,
            "0-10": 6.5
        }, {
            "10-20": 9,
            "0-10": 7.4,
            "30-end": 5,
            "20-30": 4.699999999999999
        }, {
            "10-20": 0.9,
            "0-10": 0.30000000000000004
        }, {
            "10-20": 8.8,
            "0-10": 7.5
        }
    ],
    "csd_per_min": [null, null, {
            "10-20": -1.7,
            "0-10": 0.19999999999999996
        }, null, {
            "10-20": 1.2999999999999998,
            "0-10": 2.2
        }, {
            "10-20": 6,
            "0-10": 4.300000000000001,
            "20-30": 7.300000000000001
        }, null, null, {
            "10-20": -0.6000000000000001,
            "0-10": -0.5
        }, {
            "10-20": 0.19999999999999973,
            "0-10": -0.7
        }, {
            "10-20": 0.7000000000000002,
            "0-10": 1.9,
            "20-30": -3.8000000000000003
        }, null, {
            "10-20": 0.6999999999999997,
            "0-10": -1.5,
            "30-end": 6.4,
            "20-30": 3.4000000000000004
        }, {
            "10-20": 3.8000000000000003,
            "0-10": 0.7000000000000002
        }, {
            "10-20": 1.8000000000000007,
            "0-10": 2.2999999999999994
        }, null, {
            "10-20": -0.40000000000000036,
            "0-10": 0.30000000000000004
        }, {
            "10-20": 2.5999999999999996,
            "0-10": 3.3,
            "20-30": -1.3000000000000003
        }, {
            "10-20": 0.7000000000000006,